TimeStamp,Delta_TP9,Delta_AF7,Delta_AF8,Delta_TP10,Theta_TP9,Theta_AF7,Theta_AF8,Theta_TP10,Alpha_TP9,Alpha_AF7,Alpha_AF8,Alpha_TP10,Beta_TP9,Beta_AF7,Beta_AF8,Beta_TP10,Gamma_TP9,Gamma_AF7,Gamma_AF8,Gamma_TP10,RAW_TP9,RAW_AF7,RAW_AF8,RAW_TP10,AUX_RIGHT,Accelerometer_X,Accelerometer_Y,Accelerometer_Z,Gyro_X,Gyro_Y,Gyro_Z,PPG_Ambient,PPG_IR,PPG_Red,Heart_Rate,HeadBandOn,HSI_TP9,HSI_AF7,HSI_AF8,HSI_TP10,Battery,Elements
2026-07-23 23:46:30.279,,,,,,,,,,,,,,,,,,,,,,,,,,,,,,,,,,,,,,,,,,/muse/event/connected Muse-02BF
2026-07-23 23:46:30.334,1.3474714,0.369584,0.6469476,0.0,0.8739049,0.56192845,0.489905,0.0,0.9349359,0.17052846,0.602045,0.0,0.5433531,0.26006436,0.5107469,0.0,0.2902904,-0.15655376,0.051881824,0.0,881.6117,817.1429,770.0,761.9414,809.0842,0.32806396484375,0.12176513671875,0.95037841796875,0.418701171875,-1.457977294921875,-0.500946044921875,324761.90476190473,8.105509157509157E7,2.560864468864469E7,83.784355,1,2.0,1.0,1.0,2.0,100.00
2026-07-23 23:46:31.274,,,,,,,,,,,,,,,,,,,,,,,,,,,,,,,,,,,,,,,,,,/muse/elements/blink
2026-07-23 23:46:31.340,1.3479143,0.369584,0.40205494,0.0,1.5042696,0.56192845,0.3813037,0.0,0.99384886,0.17052846,0.6680295,0.0,0.4625812,0.26006436,0.2995481,0.0,-0.003937476,-0.15655376,-0.12931176,0.0,1076.227,796.1905,757.9121,716.0073,707.5458,0.32000732421875,0.1240234375,0.9512939453125,-0.216827392578125,-1.667327880859375,-0.291595458984375,326373.62637362635,8.101076923076923E7,2.5557875457875457E7,83.371376,1,1.0,1.0,1.0,1.0,100.00
2026-07-23 23:46:31.377,,,,,,,,,,,,,,,,,,,,,,,,,,,,,,,,,,,,,,,,,,/muse/elements/jaw_clench
2026-07-23 23:46:31.677,,,,,,,,,,,,,,,,,,,,,,,,,,,,,,,,,,,,,,,,,,/muse/elements/blink
2026-07-23 23:46:32.341,1.4359636,0.9372719,0.35253692,0.0,1.4076071,0.7292277,0.51932347,0.0,0.76070696,0.48773256,0.45747393,0.0,0.38146523,0.501245,0.28067213,0.0,-0.030907389,0.02375844,-0.19252071,0.0,817.5458,803.8461,745.82416,752.674,761.9414,0.32220458984375,0.1192626953125,0.9547119140625,0.35888671875,-1.92901611328125,0.04486083984375,324761.90476190473,8.101641025641026E7,2.552241758241758E7,81.38313,1,1.0,1.0,1.0,1.0,100.00
2026-07-23 23:46:33.352,1.4359636,0.9372719,0.90281475,0.0,1.4076071,0.7292277,0.39563033,0.0,0.76070696,0.48773256,0.61416453,0.0,0.38146523,0.501245,0.28542307,0.0,-0.030907389,0.02375844,-0.19092914,0.0,814.7253,777.25275,770.80585,904.17584,827.619,0.31976318359375,0.11895751953125,0.95465087890625,0.471038818359375,-1.4056396484375,-0.411224365234375,323150.1831501831,8.110021978021978E7,2.550952380952381E7,79.86828,1,1.0,1.0,1.0,1.0,100.00
2026-07-23 23:46:34.353,,,,,,,,,,,,,,,,,,,,,,,,,,,,,,,,,,,,,,,,,,/muse/elements/blink
2026-07-23 23:46:34.362,0.96136856,0.46078902,0.938182,0.0,0.48918754,0.65717953,0.28354695,0.0,1.2087188,0.7927684,0.6100188,0.0,0.5406611,0.6572282,0.29177842,0.0,0.07324488,-0.0298285,-0.07510115,0.0,799.011,772.8205,759.12085,738.5714,916.6667,0.30902099609375,0.12274169921875,0.95574951171875,-0.25421142578125,-2.026214599609375,-0.3887939453125,323956.04395604396,8.11098901098901E7,2.5512747252747253E7,81.618805,1,1.0,1.0,1.0,1.0,100.00
2026-07-23 23:46:35.380,0.72373074,0.70952576,0.52140456,0.0,0.67283934,0.8400746,0.13250814,0.0,1.5208222,0.9575202,0.48383778,0.0,0.56293607,0.84643763,0.09334399,0.0,-0.028967341,0.07267703,-0.32188442,0.0,735.34796,776.4469,765.16486,840.9158,678.5348,0.30517578125,0.1337890625,0.96295166015625,0.216827392578125,-1.6748046875,-0.157012939453125,323150.1831501831,8.118161172161172E7,2.549098901098901E7,82.76609,1,1.0,1.0,1.0,1.0,100.00
2026-07-23 23:46:36.392,0.79675525,0.92751616,0.38852182,0.0,0.93564343,0.8251523,0.22984378,0.0,1.4715935,0.6082029,0.4526937,0.0,0.40579814,0.5728172,0.17698921,0.0,-0.021984702,-0.039087772,-0.08001342,0.0,880.80585,776.04395,767.1795,841.31866,761.13556,0.291259765625,0.12823486328125,0.9609375,-0.31402587890625,-0.52337646484375,-0.620574951171875,322344.32234432234,8.12476923076923E7,2.5457948717948716E7,83.556206,1,1.0,1.0,1.0,1.0,100.00
2026-07-23 23:46:36.884,,,,,,,,,,,,,,,,,,,,,,,,,,,,,,,,,,,,,,,,,,/muse/elements/blink
2026-07-23 23:46:37.415,0.91233444,0.9958512,0.5720454,0.0,0.9676133,0.8357323,0.40870804,0.0,1.3354806,0.594815,0.15315154,0.0,0.44782823,0.25246513,0.3448098,0.0,0.11285237,0.04760225,-0.12944299,0.0,767.1795,786.52014,771.6117,828.022,1032.7106,0.2781982421875,0.13104248046875,0.97174072265625,-0.59814453125,0.299072265625,-1.786956787109375,322344.32234432234,8.127912087912087E7,2.5432161172161173E7,83.75948,1,1.0,1.0,1.0,1.0,100.00
2026-07-23 23:46:38.418,0.95607585,0.9223167,0.8378796,0.0,0.9900369,0.8032941,0.28225815,0.0,0.9734169,0.6733135,0.53544974,0.0,0.53230864,0.54791427,0.14881836,0.0,-0.19932365,0.12720785,-0.30263552,0.0,828.022,800.6227,757.50916,765.16486,645.89746,0.2587890625,0.11309814453125,0.975341796875,0.10467529296875,-2.235565185546875,-0.426177978515625,323150.1831501831,8.135406593406594E7,2.542087912087912E7,83.03245,1,1.0,1.0,1.0,1.0,100.00
2026-07-23 23:46:39.425,0.57285935,0.9571567,0.5084273,0.0,0.7999975,0.88896793,0.6322581,0.0,1.0766872,0.9488309,0.59583485,0.0,0.60205245,0.5566874,0.10799866,0.0,-0.072168164,-0.009456058,-0.19938391,0.0,838.49817,802.23444,760.7326,848.1685,776.4469,0.255126953125,0.11468505859375,0.97607421875,-0.19439697265625,-1.502838134765625,-0.55328369140625,322344.32234432234,8.129443223443224E7,2.5377362637362637E7,82.351,1,1.0,1.0,1.0,1.0,100.00
2026-07-23 23:46:40.437,0.5598323,0.99895734,0.3620835,0.0,0.91238433,0.7649622,0.5742236,0.0,0.89210355,0.94300044,0.50818723,0.0,0.58415455,0.6267689,0.038904034,0.0,-0.13452801,-0.032956515,-0.23222983,0.0,755.4945,775.2381,770.40295,719.2308,998.46155,0.2491455078125,0.11090087890625,0.977294921875,0.052337646484375,-2.19818115234375,-0.231781005859375,323956.04395604396,8.120417582417582E7,2.5340293040293038E7,80.02142,1,1.0,1.0,1.0,1.0,100.00
2026-07-23 23:46:41.451,1.0278175,0.94372827,0.41844475,0.0,0.5615589,0.7710705,0.2532232,0.0,1.095896,0.9254361,0.60762614,0.0,0.4430721,0.7899187,0.20291299,0.0,0.10055032,0.1850499,-0.0058076065,0.0,796.99634,750.65936,754.68866,789.34064,646.30035,0.23248291015625,0.1087646484375,0.98358154296875,-0.418701171875,-1.48040771484375,-0.351409912109375,323150.1831501831,8.124688644688645E7,2.5332234432234433E7,78.76319,1,1.0,1.0,1.0,1.0,100.00
2026-07-23 23:46:42.456,1.481004,0.7030299,0.3989664,0.0,0.7762781,0.9095474,0.48664576,0.0,1.3277069,0.8945713,0.67554367,0.0,0.5037318,0.6832493,0.21102755,0.0,-0.030085154,0.24062777,-0.14417022,0.0,796.1905,789.34064,764.7619,788.93774,687.8022,0.22613525390625,0.1058349609375,0.9864501953125,0.067291259765625,-1.3458251953125,0.082244873046875,323150.1831501831,8.125010989010988E7,2.537010989010989E7,78.95987,1,1.0,1.0,1.0,1.0,100.00
2026-07-23 23:46:43.465,1.0609608,0.9315265,0.5165292,0.0,0.6968318,1.2036452,0.42883077,0.0,1.2704033,1.1336989,0.6752704,0.0,0.4163451,0.8819989,0.10816955,0.0,0.05552005,0.035942104,-0.18345264,0.0,833.2601,791.3553,771.6117,762.3443,1178.9744,0.217041015625,0.1015625,0.9847412109375,0.11962890625,-1.906585693359375,-0.55328369140625,323150.1831501831,8.122593406593406E7,2.5358827838827837E7,77.55181,1,1.0,1.0,1.0,1.0,100.00
2026-07-23 23:46:44.468,0.50364244,1.0330477,0.10586103,0.0,0.7467775,1.1077342,0.13683718,0.0,1.3580815,0.9451676,0.2683062,0.0,0.5075705,0.92844206,0.1460449,0.0,0.028313499,-0.07665991,-0.15260912,0.0,850.58606,783.2967,764.7619,819.5604,758.71796,0.20416259765625,0.08935546875,0.99163818359375,-0.545806884765625,-1.443023681640625,-0.336456298828125,322344.32234432234,8.133311355311355E7,2.5395091575091574E7,79.77551,1,1.0,1.0,1.0,1.0,100.00
2026-07-23 23:46:45.486,0.8013438,1.0985953,0.19778486,0.0,0.975121,0.88579094,0.17443168,0.0,1.5495222,0.7318532,0.25907812,0.0,0.3969116,0.958235,0.22276704,0.0,-0.108349234,-0.076978415,-0.24140298,0.0,801.02563,797.8022,768.7912,759.92676,725.6777,0.18597412109375,0.08099365234375,0.9990234375,-0.321502685546875,-1.51031494140625,-0.306549072265625,323150.1831501831,8.126461538461538E7,2.538139194139194E7,80.61182,1,1.0,1.0,1.0,1.0,100.00
2026-07-23 23:46:46.500,0.7602505,1.0054644,0.4388797,0.0,0.65403575,0.713208,0.24337153,0.0,1.2938901,0.9740892,0.539413,0.0,0.43463564,0.5883252,0.28910503,0.0,-0.22096151,0.29267758,-0.1586314,0.0,805.8608,786.52014,753.8828,617.6923,985.9707,0.184326171875,0.07464599609375,0.9952392578125,-0.28411865234375,-1.981353759765625,-0.650482177734375,322344.32234432234,8.134278388278387E7,2.5365274725274723E7,79.81319,1,1.0,1.0,1.0,1.0,100.00
2026-07-23 23:46:47.519,0.787181,1.0511534,0.54742163,0.0,0.6770334,0.45163727,0.161808,0.0,1.298737,0.9540589,0.54909885,0.0,0.42128587,0.7584398,0.13459377,0.0,-0.24219972,0.31609666,-0.13380782,0.0,792.5641,807.47253,770.0,784.10254,754.68866,0.1754150390625,0.06134033203125,1.00030517578125,-0.73272705078125,-1.06170654296875,-0.635528564453125,323150.1831501831,8.140564102564102E7,2.539347985347985E7,80.907364,1,1.0,1.0,1.0,1.0,100.00
2026-07-23 23:46:48.527,0.886993,1.09977,0.5333615,0.0,0.8447787,0.47028375,0.30444753,0.0,1.3267835,0.94852555,0.37942496,0.0,0.32886937,0.7845836,0.08027815,0.0,0.07490557,0.3093378,-0.1251452,0.0,842.9304,792.96704,772.01465,936.4103,1078.2417,0.17724609375,0.05975341796875,1.0025634765625,-0.52337646484375,-1.74957275390625,-0.575714111328125,323956.04395604396,8.146608058608058E7,2.5407179487179488E7,79.129684,1,1.0,1.0,1.0,1.0,100.00
2026-07-23 23:46:49.530,0.80967814,0.8563172,0.82068026,0.0,1.1189696,1.2844546,0.29687583,0.0,1.4513633,1.1372688,0.38809776,0.0,0.46418414,0.57951987,0.20190169,0.0,0.123949744,0.22894906,-0.2659509,0.0,782.0879,805.05493,772.8205,823.1868,757.1062,0.16668701171875,0.0546875,1.001708984375,-0.635528564453125,-0.9869384765625,-0.605621337890625,323150.1831501831,8.139838827838828E7,2.5366886446886446E7,79.390114,1,1.0,1.0,1.0,1.0,100.00
2026-07-23 23:46:49.674,,,,,,,,,,,,,,,,,,,,,,,,,,,,,,,,,,,,,,,,,,/muse/elements/blink
2026-07-23 23:46:50.554,0.95250434,0.99806917,0.8074054,0.0,1.15957,1.0041548,0.40109628,0.0,1.4099048,1.2049452,0.6755627,0.0,0.4228095,0.7574096,0.21854977,0.0,-0.20493771,0.0731355,-0.2796112,0.0,870.7326,813.5165,766.3736,842.52747,723.663,0.14715576171875,0.04345703125,1.0091552734375,0.127105712890625,-2.093505859375,-0.2691650390625,322344.32234432234,8.140886446886447E7,2.5337875457875457E7,79.347946,1,1.0,1.0,1.0,1.0,100.00
2026-07-23 23:46:51.560,1.3929489,1.1162553,0.7093173,0.0,1.1244962,0.70581704,0.517245,0.0,1.2986943,1.1157142,0.64085805,0.0,0.36332244,0.64009887,0.13008502,0.0,0.021781584,0.11224071,-0.13461642,0.0,774.0293,792.5641,765.16486,812.3077,826.0073,0.14996337890625,0.04736328125,1.009521484375,0.2392578125,-1.7645263671875,-0.157012939453125,323150.1831501831,8.132424908424908E7,2.5293553113553114E7,77.22351,1,1.0,1.0,1.0,1.0,100.00
2026-07-23 23:46:52.576,1.2872282,1.1457509,0.52337486,0.0,1.026569,0.8437506,0.3120535,0.0,1.3206823,1.0841563,0.4387182,0.0,0.4584572,0.6271876,0.21009219,0.0,-0.055837672,-6.741205E-4,-0.16443036,0.0,780.4762,810.293,765.9707,871.9414,893.2967,0.14788818359375,0.04107666015625,1.00567626953125,-0.11962890625,-1.0467529296875,-0.2392578125,322344.32234432234,8.124930402930403E7,2.5271794871794872E7,79.75474,1,1.0,1.0,1.0,1.0,100.00
2026-07-23 23:46:53.589,0.8047373,0.9431611,0.5195055,0.0,0.67203486,0.7504793,0.21507815,0.0,1.1432004,1.0358287,0.51736194,0.0,0.5230602,0.7376224,0.21123277,0.0,-0.10407143,0.024413873,-0.3693174,0.0,828.8278,781.685,767.5824,930.3663,808.68134,0.1343994140625,0.0357666015625,1.006103515625,0.097198486328125,-1.973876953125,-0.37384033203125,323956.04395604396,8.13032967032967E7,2.5317728937728938E7,80.712036,1,1.0,1.0,1.0,1.0,100.00
2026-07-23 23:46:54.608,0.9159167,0.9356134,0.57331043,0.0,0.7249827,0.7386264,0.30169496,0.0,1.1456015,1.1118009,0.52517563,0.0,0.47635022,0.6519533,0.097978465,0.0,-0.09612456,-0.045944218,-0.5588409,0.0,824.7985,757.50916,769.19415,834.0659,748.6447,0.133056640625,0.03668212890625,1.00726318359375,0.261688232421875,-2.31781005859375,0.082244873046875,323150.1831501831,8.124205128205128E7,2.5296776556776557E7,79.44554,1,1.0,1.0,1.0,1.0,100.00
2026-07-23 23:46:55.617,1.0895487,0.8830028,0.35250193,0.0,0.6391171,0.7434537,0.31491846,0.0,0.97621185,1.1896149,0.6233495,0.0,0.4146449,0.60365117,0.2051863,0.0,-0.0515477,-0.07280647,-0.30681932,0.0,817.1429,803.44324,773.6264,780.4762,764.35895,0.1383056640625,0.03753662109375,1.0089111328125,0.336456298828125,-1.5850830078125,0.037384033203125,323956.04395604396,8.12065934065934E7,2.5293553113553114E7,80.25113,1,1.0,1.0,1.0,1.0,100.00
2026-07-23 23:46:56.627,0.8195094,0.859159,0.58483565,0.0,0.5007032,0.6294,0.3859479,0.0,0.6451197,1.0759678,0.36380315,0.0,0.4114425,0.68038976,0.10051493,0.0,-0.23627967,0.13698009,-0.23139074,0.0,782.49084,807.8755,768.3883,948.9011,823.1868,0.1328125,0.037109375,1.00830078125,-0.35888671875,-1.517791748046875,-0.246734619140625,322344.32234432234,8.123560439560439E7,2.530080586080586E7,81.38064,1,1.0,1.0,1.0,1.0,100.00
2026-07-23 23:46:57.638,0.6715585,1.0983423,0.54089856,0.0,0.25915962,0.7115159,0.49992332,0.0,0.7755697,1.0998514,0.5324084,0.0,0.39248043,0.7605102,-0.003946233,0.0,-0.1612204,0.09522471,-0.25535074,0.0,766.77655,761.53845,780.07324,807.47253,809.89014,0.129150390625,0.02923583984375,1.0035400390625,0.142059326171875,-1.637420654296875,-0.34393310546875,323150.1831501831,8.116388278388278E7,2.525245421245421E7,80.571014,1,1.0,1.0,1.0,1.0,100.00
2026-07-23 23:46:58.640,0.62338704,1.2167766,0.8638333,0.0,0.11569827,0.99212205,0.6377286,0.0,0.6285287,1.0919076,0.5585509,0.0,0.45894858,0.4876726,0.30532864,0.0,-0.3161664,0.062276915,-0.11932742,0.0,816.7399,815.12823,776.04395,747.8388,735.34796,0.12518310546875,0.03778076171875,1.00885009765625,-0.2691650390625,-1.996307373046875,-0.01495361328125,323150.1831501831,8.111714285714285E7,2.5246007326007325E7,78.7425,1,1.0,1.0,1.0,1.0,100.00
2026-07-23 23:46:59.644,0.5940231,1.3391341,0.64696604,0.0,0.7367996,1.1496383,0.5596453,0.0,1.152737,1.020976,0.6117511,0.0,0.36369327,0.9201277,0.26289362,0.0,-0.15575393,-0.17259577,-0.13671048,0.0,790.14655,803.8461,771.6117,863.47986,779.2674,0.12091064453125,0.03216552734375,1.0076904296875,-0.112152099609375,-1.5850830078125,0.0299072265625,323150.1831501831,8.11985347985348E7,2.5269377289377287E7,81.071625,1,1.0,1.0,1.0,1.0,100.00
2026-07-23 23:47:00.654,0.5640136,1.3391341,0.3861017,0.0,0.7802603,1.1496383,0.48972607,0.0,1.3202186,1.020976,0.69835854,0.0,0.34494072,0.9201277,0.2035467,0.0,-0.09392752,-0.17259577,-0.2435597,0.0,834.0659,801.02563,769.19415,788.1319,801.02563,0.10943603515625,0.0157470703125,1.01104736328125,1.517791748046875,-3.282318115234375,0.485992431640625,321538.4615384615,8.123157509157509E7,2.529032967032967E7,82.08685,1,1.0,1.0,1.0,1.0,100.00
2026-07-23 23:47:01.656,0.54901165,1.2331127,0.51020133,0.0,1.0128947,1.1462935,0.45510253,0.0,1.5016826,1.1743926,0.7193025,0.0,0.2961223,0.61340296,0.299209,0.0,-0.08582566,0.16587369,-0.15576792,0.0,774.43225,774.43225,791.75824,831.6484,859.0476,0.11993408203125,0.02606201171875,1.01116943359375,0.112152099609375,-1.89910888671875,-0.366363525390625,321538.4615384615,8.12517216117216E7,2.5285494505494505E7,79.70154,1,1.0,1.0,1.0,1.0,100.00
2026-07-23 23:47:02.667,0.65060675,1.2809339,0.9332382,0.0,0.76481426,1.1271975,0.79976755,0.0,1.48083,1.1502465,1.0629351,0.0,0.39526132,0.58921677,0.55579865,0.0,-0.16913275,0.14471145,-0.091545336,0.0,782.0879,782.0879,772.8205,918.2784,830.84247,0.1195068359375,0.03228759765625,1.01226806640625,-0.874786376953125,-1.42059326171875,-0.844879150390625,323150.1831501831,8.118967032967032E7,2.526857142857143E7,80.38063,1,1.0,1.0,1.0,1.0,100.00
2026-07-23 23:47:03.693,0.89624584,1.2809339,0.85033,0.0,0.7820085,1.1271975,0.76608515,0.0,1.2476722,1.1502465,1.1817533,0.0,0.32984525,0.58921677,0.753494,0.0,-0.27829126,0.14471145,-0.024945056,0.0,827.619,803.0403,734.94507,763.1502,686.99634,0.11602783203125,0.026123046875,1.00823974609375,0.657958984375,-1.8841552734375,-0.13458251953125,323150.1831501831,8.122512820512821E7,2.526212454212454E7,82.93932,1,1.0,1.0,1.0,1.0,100.00
2026-07-23 23:47:04.702,1.2608382,1.2809339,1.0703114,0.0,0.66428286,1.1271975,0.7738273,0.0,1.280416,1.1502465,1.1612749,0.0,0.34425738,0.58921677,0.6001703,0.0,-0.116347246,0.14471145,0.049936503,0.0,784.90845,859.45056,750.2564,807.8755,773.22345,0.11004638671875,0.02398681640625,1.009033203125,-0.11962890625,-1.80938720703125,-0.082244873046875,323150.1831501831,8.122593406593406E7,2.5244395604395602E7,82.61287,1,1.0,1.0,1.0,1.0,100.00
2026-07-23 23:47:05.713,0.9666654,1.2809339,1.1559929,0.0,0.62258077,1.1271975,0.8046346,0.0,0.7262656,1.1502465,1.088225,0.0,0.41834223,0.58921677,0.5852692,0.0,-0.027090197,0.14471145,-0.071972735,0.0,831.6484,817.1429,787.72894,787.326,812.71063,0.1175537109375,0.02764892578125,1.01318359375,-0.112152099609375,-1.069183349609375,-0.43365478515625,323150.1831501831,8.119289377289377E7,2.525084249084249E7,81.18077,1,1.0,1.0,1.0,1.0,100.00
2026-07-23 23:47:06.719,1.0359789,1.2809339,0.99090916,0.0,0.53009444,1.1271975,0.77795714,0.0,1.3570765,1.1502465,0.9390994,0.0,0.29913223,0.58921677,0.71468824,0.0,0.12521681,0.14471145,0.07777491,0.0,814.3223,775.2381,759.92676,803.8461,719.6337,0.11517333984375,0.01861572265625,1.014404296875,0.441131591796875,-2.04864501953125,-0.299072265625,322344.32234432234,8.126058608058608E7,2.5243589743589744E7,80.86394,1,1.0,1.0,1.0,1.0,100.00
2026-07-23 23:47:07.730,0.9781289,1.2809339,0.9803311,0.0,0.6481747,1.1271975,0.86741143,0.0,1.382099,1.1502465,1.1183641,0.0,0.3348312,0.58921677,0.72569513,0.0,0.0056084436,0.14471145,0.17474082,0.0,838.49817,757.9121,780.4762,780.07324,759.92676,0.1192626953125,0.021728515625,1.0079345703125,0.321502685546875,-1.6748046875,-0.52337646484375,321538.4615384615,8.140483516483517E7,2.5267765567765567E7,79.523834,1,1.0,1.0,1.0,1.0,100.00
2026-07-23 23:47:08.738,1.2843704,1.2809339,1.1411881,0.0,0.48092765,1.1271975,0.70343244,0.0,0.80571663,1.1502465,1.0823935,0.0,0.41992936,0.58921677,0.743517,0.0,-0.051709328,0.14471145,0.14402479,0.0,826.8132,770.40295,759.5238,781.28204,806.26373,0.1226806640625,0.0230712890625,1.012939453125,0.19439697265625,-1.86920166015625,-0.3289794921875,321538.4615384615,8.142175824175824E7,2.527340659340659E7,79.76482,1,1.0,1.0,1.0,1.0,100.00
2026-07-23 23:47:09.750,1.3411455,1.2809339,1.1757404,0.0,0.59449244,1.1271975,1.141369,0.0,0.71584046,1.1502465,1.1672537,0.0,0.45828673,0.58921677,0.74916387,0.0,-0.026218677,0.14471145,0.19200955,0.0,772.4176,805.4579,755.09155,858.6447,697.8755,0.12158203125,0.02276611328125,1.01275634765625,0.16448974609375,-2.071075439453125,-0.16448974609375,323150.1831501831,8.138065934065934E7,2.523956043956044E7,80.793686,1,1.0,1.0,1.0,1.0,100.00
2026-07-23 23:47:10.765,0.8523354,1.2809339,1.1674645,0.0,0.73559725,1.1271975,1.0293866,0.0,0.88559335,1.1502465,1.0991774,0.0,0.31889212,0.58921677,0.80774623,0.0,-0.2393716,0.14471145,0.008601324,0.0,845.7509,818.3516,768.3883,826.0073,925.5311,0.11181640625,0.01611328125,1.0093994140625,-0.067291259765625,-1.30096435546875,0.34393310546875,323150.1831501831,8.127509157509157E7,2.517347985347985E7,80.793686,1,1.0,1.0,1.0,1.0,100.00
2026-07-23 23:47:11.786,0.8981559,1.1598028,1.0413646,0.0,0.735121,1.1258522,0.9029045,0.0,0.83040816,1.3947417,1.0492139,0.0,0.27538303,0.6138285,0.57380706,0.0,-0.2204877,0.1961404,0.18213595,0.0,802.6374,815.12823,783.2967,757.9121,728.9011,0.1109619140625,0.01483154296875,1.01629638671875,0.186920166015625,-1.921539306640625,-0.73272705078125,322344.32234432234,8.103252747252747E7,2.512996336996337E7,80.21811,1,1.0,1.0,1.0,1.0,100.00
2026-07-23 23:47:12.793,1.2510822,1.189607,1.1126765,0.0,0.60653883,1.0903212,0.9217926,0.0,1.1598616,1.2998009,1.090965,0.0,0.47811365,0.5964067,0.55391324,0.0,-0.06108896,0.14447536,0.17420952,0.0,824.7985,784.90845,769.19415,839.707,722.8571,0.1197509765625,0.0218505859375,1.00872802734375,1.375732421875,-2.370147705078125,0.82244873046875,324761.90476190473,8.074967032967032E7,2.5134798534798533E7,80.21811,1,1.0,1.0,1.0,1.0,100.00
2026-07-23 23:47:13.803,1.1791719,1.189607,1.447776,0.0,0.60887325,1.0903212,0.9738059,0.0,1.2316141,1.2998009,1.0730622,0.0,0.46787995,0.5964067,0.67560637,0.0,0.012912309,0.14447536,0.099702954,0.0,854.61536,818.7546,754.68866,829.2308,731.7216,0.11334228515625,0.0224609375,1.00482177734375,-0.276641845703125,-1.263580322265625,-0.276641845703125,322344.32234432234,8.076820512820512E7,2.5188791208791208E7,82.17575,1,1.0,1.0,1.0,1.0,100.00
2026-07-23 23:47:14.823,1.2734826,1.6668901,1.3922613,0.0,0.88030744,1.2720912,0.7677042,0.0,1.2998142,1.3622848,0.8254061,0.0,0.44865045,0.90029186,0.8163939,0.0,0.06421574,0.3384495,0.11099434,0.0,814.3223,832.4542,784.90845,704.3223,817.5458,0.11279296875,0.01226806640625,1.01055908203125,0.829925537109375,-4.164581298828125,-0.246734619140625,323956.04395604396,8.078190476190476E7,2.522102564102564E7,83.40163,1,1.0,1.0,1.0,1.0,100.00
2026-07-23 23:47:15.835,0.91392,1.6668901,1.1523851,0.0,0.7326249,1.2720912,0.9095204,0.0,1.2971886,1.3622848,0.97012126,0.0,0.54381824,0.90029186,0.8650231,0.0,0.1285386,0.3384495,0.09485616,0.0,819.5604,814.7253,802.23444,767.5824,730.10986,0.1123046875,0.02032470703125,1.02056884765625,1.00189208984375,-1.293487548828125,0.179443359375,323150.1831501831,8.082058608058608E7,2.5228278388278387E7,82.446976,1,1.0,1.0,1.0,1.0,100.00
2026-07-23 23:47:16.843,1.0309868,1.6668901,0.9343436,0.0,0.67786974,1.2720912,0.9067496,0.0,1.0808684,1.3622848,1.0899284,0.0,0.43217793,0.90029186,0.77658945,0.0,0.12869003,0.3384495,0.03612805,0.0,801.02563,828.022,794.9817,815.12823,740.989,0.11102294921875,0.0240478515625,1.0130615234375,-0.31402587890625,-2.295379638671875,-0.49346923828125,323150.1831501831,8.072791208791208E7,2.5245201465201464E7,84.66448,1,1.0,1.0,1.0,1.0,100.00
2026-07-23 23:47:17.857,0.9046663,1.6668901,0.952617,0.0,0.7291904,1.2720912,1.0086737,0.0,1.3173645,1.3622848,1.1621474,0.0,0.37485716,0.90029186,0.7462374,0.0,-0.06620441,0.3384495,0.07892864,0.0,853.4066,759.12085,800.6227,951.31866,914.65204,0.08941650390625,0.010986328125,1.01202392578125,-0.94207763671875,0.2093505859375,-0.515899658203125,323956.04395604396,8.084234432234432E7,2.525809523809524E7,88.13694,1,1.0,1.0,1.0,1.0,100.00
2026-07-23 23:47:18.866,0.85502386,1.6668901,0.96727884,0.0,0.8354183,1.2720912,1.0300895,0.0,1.2763798,1.3622848,1.0808504,0.0,0.4055135,0.90029186,0.7430897,0.0,-0.07599782,0.3384495,0.18311335,0.0,828.8278,805.4579,766.3736,868.315,770.80585,0.0867919921875,0.0145263671875,1.012939453125,0.299072265625,-2.1832275390625,-0.142059326171875,322344.32234432234,8.078351648351648E7,2.522021978021978E7,89.201515,1,1.0,1.0,1.0,1.0,100.00
2026-07-23 23:47:19.875,0.6351267,1.6668901,1.1702499,0.0,0.93470335,1.2720912,0.63658416,0.0,1.2584275,1.3622848,1.1172818,0.0,0.3616487,0.90029186,0.31758237,0.0,-0.15294223,0.3384495,-6.71817E-4,0.0,817.9487,791.3553,774.83514,820.7692,770.0,0.069580078125,0.02899169921875,1.02630615234375,0.07476806640625,-0.34393310546875,0.082244873046875,323956.04395604396,8.078835164835164E7,2.521860805860806E7,87.27938,1,1.0,1.0,1.0,1.0,100.00
2026-07-23 23:47:20.893,1.1583612,1.6668901,1.1151681,0.0,0.761981,1.2720912,0.63978136,0.0,0.8906833,1.3622848,1.1169533,0.0,0.21940093,0.90029186,0.21040072,0.0,-0.15871158,0.3384495,-0.036667038,0.0,824.7985,758.71796,782.0879,823.1868,792.96704,0.06134033203125,0.01031494140625,1.01947021484375,1.188812255859375,-4.5758056640625,-0.635528564453125,323150.1831501831,8.095758241758242E7,2.5244395604395602E7,86.83354,1,1.0,1.0,1.0,1.0,100.00
2026-07-23 23:47:21.903,1.3451359,1.6668901,1.1737146,0.0,0.36216643,1.2720912,0.48731115,0.0,0.90911305,1.3622848,0.9460513,0.0,0.29072168,0.90029186,0.671698,0.0,-0.057794902,0.3384495,-0.3591975,0.0,803.8461,770.40295,781.685,744.21246,730.9158,0.0745849609375,0.0203857421875,1.0162353515625,0.5682373046875,-2.6318359375,-0.157012939453125,324761.90476190473,8.078432234432234E7,2.5214578754578754E7,85.24547,1,1.0,1.0,1.0,1.0,100.00
2026-07-23 23:47:22.913,1.5187846,1.6668901,0.9517446,0.0,0.80362046,1.2720912,0.76699656,0.0,1.3922603,1.3622848,1.1380782,0.0,0.35704392,0.90029186,0.61269164,0.0,0.07863466,0.3384495,-0.15991068,0.0,840.5128,772.01465,782.0879,788.93774,686.5934,0.07879638671875,0.02020263671875,1.0125732421875,-0.43365478515625,-1.457977294921875,-0.007476806640625,324761.90476190473,8.080849816849817E7,2.521135531135531E7,82.27969,1,1.0,1.0,1.0,1.0,100.00
2026-07-23 23:47:23.920,1.5187846,1.6668901,0.9220876,0.0,0.80362046,1.2720912,0.80692774,0.0,1.3922603,1.3622848,1.0694518,0.0,0.35704392,0.90029186,0.599735,0.0,0.07863466,0.3384495,-0.026262568,0.0,832.4542,826.4103,799.41394,718.4249,808.68134,0.0736083984375,0.01104736328125,1.0147705078125,0.55328369140625,-1.757049560546875,0.037384033203125,322344.32234432234,8.088827838827838E7,2.5222637362637363E7,81.478714,1,1.0,1.0,1.0,1.0,100.00
2026-07-23 23:47:24.928,1.5187846,1.6668901,1.1683048,0.0,0.80362046,1.2720912,0.683352,0.0,1.3922603,1.3622848,0.95026517,0.0,0.35704392,0.90029186,0.43094116,0.0,0.07863466,0.3384495,-0.26437628,0.0,822.7839,809.4872,791.3553,861.06226,761.9414,0.0770263671875,0.02081298828125,1.01397705078125,0.4486083984375,-1.734619140625,0.0299072265625,323956.04395604396,8.07625641025641E7,2.519120879120879E7,79.71083,1,2.0,1.0,1.0,2.0,100.00
2026-07-23 23:47:25.938,0.7728867,1.6668901,1.157057,0.0,0.26899475,1.2720912,0.6130392,0.0,0.7190304,1.3622848,0.9949238,0.0,0.18640465,0.90029186,0.48456532,0.0,-0.13806078,0.3384495,-0.23966682,0.0,817.1429,706.7399,778.86444,768.3883,656.3736,0.0703125,0.01123046875,1.01727294921875,-0.5682373046875,-0.85235595703125,-0.0,322344.32234432234,8.074241758241758E7,2.5183150183150183E7,79.29333,1,2.0,4.0,1.0,2.0,100.00
2026-07-23 23:47:26.950,0.7436441,1.6668901,1.0253242,0.0,0.55177367,1.2720912,0.8265479,0.0,0.81142193,1.3622848,0.64566916,0.0,0.3937699,0.90029186,0.4131047,0.0,-0.104900375,0.3384495,-0.12575291,0.0,807.8755,856.2271,790.9524,808.68134,694.2491,0.07373046875,0.0152587890625,1.01568603515625,0.179443359375,-2.848663330078125,-0.35888671875,323956.04395604396,8.070131868131869E7,2.5163809523809522E7,80.31178,1,1.0,2.0,1.0,1.0,100.00
2026-07-23 23:47:27.961,0.5307647,1.6668901,0.95141375,0.0,0.73615736,1.2720912,0.75678086,0.0,1.0261929,1.3622848,0.87199366,0.0,0.29043558,0.90029186,0.4302036,0.0,-0.15176278,0.3384495,-0.18351883,0.0,840.5128,800.2198,800.6227,904.9817,868.71796,0.07415771484375,0.01873779296875,1.01397705078125,-0.067291259765625,-2.280426025390625,-0.3289794921875,322344.32234432234,8.064974358974358E7,2.512915750915751E7,79.34065,1,1.0,2.0,1.0,1.0,100.00
2026-07-23 23:47:28.977,0.24281187,1.6668901,1.046023,0.0,0.8871667,1.2720912,0.1978646,0.0,1.0981996,1.3622848,0.9060582,0.0,0.15500961,0.90029186,0.41007316,0.0,-0.2971215,0.3384495,-0.09612292,0.0,819.5604,652.74725,790.9524,685.78754,609.2308,0.06243896484375,0.0115966796875,1.0106201171875,-0.40374755859375,-0.785064697265625,-0.16448974609375,322344.32234432234,8.066021978021978E7,2.5138021978021976E7,80.770546,1,1.0,2.0,1.0,1.0,100.00
2026-07-23 23:47:29.984,0.71091413,1.6668901,1.1484008,0.0,0.8949176,1.2720912,0.522268,0.0,1.2152828,1.3622848,0.87399465,0.0,0.4005906,0.90029186,0.31748864,0.0,-0.24642877,0.3384495,-0.07596455,0.0,837.28937,853.8095,792.5641,766.3736,687.8022,0.0718994140625,0.01849365234375,1.014892578125,0.04486083984375,-2.519683837890625,-0.16448974609375,321538.4615384615,8.067714285714285E7,2.5155750915750913E7,80.21101,1,1.0,2.0,1.0,1.0,100.00
2026-07-23 23:47:30.998,0.595849,1.6668901,0.94619066,0.0,0.65811765,1.2720912,0.7664833,0.0,1.1985519,1.3622848,1.0143567,0.0,0.43800423,0.90029186,0.3020454,0.0,-0.23213182,0.3384495,-0.04221774,0.0,838.9011,732.1245,804.2491,786.52014,983.1502,0.06878662109375,0.01220703125,1.01800537109375,-0.31402587890625,-1.906585693359375,-0.246734619140625,323150.1831501831,8.056190476190476E7,2.5117069597069595E7,78.52982,1,1.0,1.0,1.0,1.0,100.00
2026-07-23 23:47:32.002,0.41142324,1.6668901,0.90855294,0.0,0.76026136,1.2720912,0.77681684,0.0,1.4462396,1.3622848,1.1185831,0.0,0.36411917,0.90029186,0.3783942,0.0,-0.17032082,0.3384495,-0.27644396,0.0,825.6044,756.7033,810.293,946.4835,816.337,0.06494140625,0.01507568359375,1.016357421875,0.620574951171875,-2.609405517578125,0.261688232421875,323150.1831501831,8.06698901098901E7,2.514043956043956E7,79.296844,1,1.0,2.0,1.0,1.0,100.00
2026-07-23 23:47:33.015,0.44868183,1.6668901,0.89474124,0.0,0.8478911,1.2720912,0.8407042,0.0,1.4550711,1.3622848,0.94775194,0.0,0.4003416,0.90029186,0.19201511,0.0,-0.23161961,0.3384495,-0.30993968,0.0,850.58606,831.6484,790.54944,804.65204,712.381,0.07574462890625,0.014892578125,1.0096435546875,0.157012939453125,-2.22808837890625,-0.418701171875,324761.90476190473,8.064893772893773E7,2.5167838827838827E7,79.18574,1,1.0,2.0,1.0,1.0,100.00
2026-07-23 23:47:34.019,0.53360724,1.6668901,0.7253813,0.0,0.8418296,1.2720912,0.829036,0.0,1.1058688,1.3622848,0.7014467,0.0,0.44281057,0.90029186,0.24995649,0.0,-0.14876956,0.3384495,-0.2064039,0.0,790.14655,778.86444,805.8608,906.99634,902.5641,0.07611083984375,0.01763916015625,1.0133056640625,-0.097198486328125,-1.33087158203125,-0.471038818359375,323150.1831501831,8.061106227106227E7,2.5146080586080585E7,79.190315,1,1.0,2.0,1.0,1.0,100.00
2026-07-23 23:47:35.036,0.49828207,1.6668901,0.5974348,0.0,0.8875384,1.2720912,0.54471433,0.0,1.2818539,1.3622848,0.58363086,0.0,0.39461538,0.90029186,0.4365778,0.0,-0.06542732,0.3384495,-0.22038475,0.0,828.8278,905.78754,797.3993,871.53845,789.34064,0.0648193359375,0.005859375,1.01275634765625,0.635528564453125,-2.489776611328125,0.037384033203125,322344.32234432234,8.064490842490843E7,2.5133186813186813E7,79.78735,1,1.0,2.0,1.0,1.0,100.00
2026-07-23 23:47:36.044,0.707056,1.6668901,0.7147937,0.0,0.72731984,1.2720912,0.55625254,0.0,1.2477524,1.3622848,0.51844466,0.0,0.42014334,0.90029186,0.49036443,0.0,-0.20837212,0.3384495,-0.27033943,0.0,802.23444,516.9597,803.44324,815.12823,774.83514,0.0711669921875,0.0128173828125,1.01739501953125,0.291595458984375,-2.220611572265625,-0.01495361328125,321538.4615384615,8.056915750915751E7,2.5122710622710623E7,77.00452,1,1.0,1.0,1.0,1.0,100.00
2026-07-23 23:47:37.061,0.4419242,1.6668901,1.0384567,0.0,0.6579493,1.2720912,0.6866758,0.0,1.2329239,1.3622848,0.95769596,0.0,0.2745347,0.90029186,0.40606108,0.0,-0.3572605,0.3384495,-0.19793577,0.0,797.3993,681.3553,789.34064,797.8022,933.5897,0.07403564453125,0.0123291015625,1.0177001953125,0.216827392578125,-2.160797119140625,-0.04486083984375,323150.1831501831,8.050630036630036E7,2.5112234432234433E7,75.77873,1,1.0,2.0,1.0,1.0,100.00
2026-07-23 23:47:38.075,0.52855355,1.6668901,1.320445,0.0,0.6171233,1.2720912,0.8558644,0.0,1.3936056,1.3622848,0.9117921,0.0,0.4436925,0.90029186,0.52544564,0.0,-0.35326055,0.3384495,-0.19839577,0.0,813.1135,736.55676,801.4286,822.7839,776.04395,0.064697265625,0.00811767578125,1.01861572265625,0.127105712890625,-0.7177734375,-0.22430419921875,324761.90476190473,8.04007326007326E7,2.508E7,75.77873,1,1.0,2.0,1.0,1.0,100.00
2026-07-23 23:47:39.082,0.6129982,1.6668901,1.1684201,0.0,0.58512014,1.2720912,0.8768694,0.0,1.2174048,1.3622848,0.91906667,0.0,0.514885,0.90029186,0.44793022,0.0,-0.29229718,0.3384495,-0.26743478,0.0,808.2784,757.50916,801.02563,841.7216,766.77655,0.05255126953125,-0.00164794921875,1.01708984375,0.2392578125,-2.0037841796875,-0.097198486328125,324761.90476190473,8.048131868131869E7,2.508967032967033E7,75.60245,1,1.0,2.0,1.0,1.0,100.00
2026-07-23 23:47:40.096,0.7813792,1.6668901,1.0597824,0.0,1.2129732,1.2720912,0.8198715,0.0,1.4893296,1.3622848,0.48828143,0.0,0.49639705,0.90029186,0.5709405,0.0,-0.229721,0.3384495,-0.086032026,0.0,840.9158,738.1685,809.4872,895.31134,875.9707,0.05828857421875,0.00836181640625,1.01690673828125,0.5084228515625,-2.10845947265625,-0.19439697265625,323150.1831501831,8.054981684981684E7,2.5096923076923076E7,75.23572,1,1.0,2.0,1.0,1.0,100.00
2026-07-23 23:47:41.103,0.99052596,1.6668901,1.2662758,0.0,1.0469918,1.2720912,0.6222814,0.0,1.4221969,1.3622848,0.72250974,0.0,0.4285284,0.90029186,0.4371204,0.0,-0.16966909,0.3384495,-0.1672095,0.0,772.01465,1016.5934,808.2784,809.0842,726.8865,0.06134033203125,0.00518798828125,1.0166015625,-0.052337646484375,-1.71966552734375,-0.605621337890625,324761.90476190473,8.04458608058608E7,2.510095238095238E7,77.564804,1,1.0,2.0,1.0,1.0,100.00
2026-07-23 23:47:41.880,,,,,,,,,,,,,,,,,,,,,,,,,,,,,,,,,,,,,,,,,,/muse/elements/blink
2026-07-23 23:47:42.117,0.7967196,1.6668901,1.0483847,0.0,1.1510086,1.2720912,0.54684436,0.0,1.5362521,1.3622848,0.7298193,0.0,0.4063165,0.90029186,0.39338028,0.0,-0.085468456,0.3384495,-0.18698807,0.0,863.0769,915.4579,814.7253,751.06226,654.35895,0.0601806640625,-0.00146484375,1.015869140625,0.34393310546875,-2.1533203125,-0.022430419921875,323150.1831501831,8.041846153846154E7,2.5096117216117214E7,77.694725,1,1.0,2.0,1.0,1.0,100.00
2026-07-23 23:47:43.131,0.7323774,1.6668901,0.872402,0.0,1.1568309,1.2720912,0.7464332,0.0,1.6020921,1.3622848,0.7141731,0.0,0.39156997,0.90029186,0.34240612,0.0,-0.1680789,0.3384495,-0.2798606,0.0,839.304,661.6117,810.293,668.86444,835.6777,0.066650390625,0.00347900390625,1.01641845703125,0.34393310546875,-2.160797119140625,-0.059814453125,323150.1831501831,8.039992673992674E7,2.5056630036630034E7,76.562874,1,1.0,2.0,1.0,1.0,100.00
2026-07-23 23:47:44.140,0.23530865,1.6668901,0.86750287,0.0,0.88832617,1.2720912,0.5006167,0.0,1.4808862,1.3622848,0.84378153,0.0,0.5020425,0.90029186,0.36855847,0.0,-0.18684168,0.3384495,-0.25055602,0.0,841.31866,991.2088,802.23444,796.5934,712.381,0.0615234375,0.001220703125,1.0150146484375,-0.112152099609375,-2.6318359375,-0.2691650390625,319926.73992673995,8.033062271062271E7,2.5063076923076924E7,78.28308,1,1.0,2.0,1.0,1.0,100.00
2026-07-23 23:47:45.141,0.41151282,1.6668901,0.80130637,0.0,0.77371794,1.2720912,0.47808418,0.0,1.2649802,1.3622848,0.7654063,0.0,0.4871636,0.90029186,0.58670723,0.0,-0.23815563,0.3384495,-0.22315039,0.0,858.24176,941.6484,791.3553,954.94507,803.0403,0.05029296875,-0.0048828125,1.01416015625,-0.299072265625,-1.33087158203125,-0.13458251953125,319120.8791208791,8.039106227106227E7,2.508241758241758E7,80.36682,1,1.0,2.0,1.0,1.0,100.00
2026-07-23 23:47:46.148,0.48354828,1.6668901,0.97350705,0.0,0.8803991,1.2720912,0.570171,0.0,1.358573,1.3622848,0.71613413,0.0,0.5252492,0.90029186,0.32395115,0.0,-0.23218292,0.3384495,-0.2828034,0.0,813.5165,753.8828,761.9414,760.7326,692.23444,0.05560302734375,-0.00494384765625,1.01739501953125,0.291595458984375,-2.093505859375,0.0897216796875,320732.6007326007,8.035560439560439E7,2.5075164835164834E7,80.71198,1,1.0,1.0,1.0,1.0,100.00
2026-07-23 23:47:47.174,0.8039621,1.6668901,1.0417911,0.0,1.1009074,1.2720912,0.5281522,0.0,1.5318487,1.3622848,0.6981923,0.0,0.42485723,0.90029186,0.39430618,0.0,-0.17429595,0.3384495,-0.20264085,0.0,844.5421,814.7253,774.43225,744.21246,760.32965,0.06378173828125,-2.44140625E-4,1.020263671875,0.37384033203125,-1.80938720703125,0.171966552734375,320732.6007326007,8.033465201465201E7,2.507113553113553E7,81.12966,1,1.0,2.0,1.0,1.0,100.00
2026-07-23 23:47:48.182,0.4569529,1.6668901,1.0417911,0.0,0.9167465,1.2720912,0.5281522,0.0,1.4423423,1.3622848,0.6981923,0.0,0.23197521,0.90029186,0.39430618,0.0,0.0067334976,0.3384495,-0.20264085,0.0,796.1905,796.1905,817.9487,696.6667,539.5238,0.0572509765625,-0.00445556640625,1.015869140625,-0.22430419921875,-1.218719482421875,-0.299072265625,322344.32234432234,8.038300366300367E7,2.505985347985348E7,82.7628,1,1.0,2.0,1.0,1.0,100.00
2026-07-23 23:47:49.195,0.68092686,1.6668901,1.476526,0.0,1.0895227,1.2720912,0.7664963,0.0,1.3785294,1.3622848,0.90900093,0.0,0.46419865,0.90029186,0.43531013,0.0,-0.13471824,0.3384495,-0.31468254,0.0,827.2161,892.0879,821.5751,794.17584,734.5421,0.050537109375,-0.00299072265625,1.0203857421875,-0.22430419921875,-2.235565185546875,-0.70281982421875,322344.32234432234,8.033545787545787E7,2.5049377289377287E7,82.36435,1,1.0,1.0,1.0,1.0,100.00
2026-07-23 23:47:50.203,0.51287663,1.6668901,1.4790967,0.0,0.87550247,1.2720912,1.0977985,0.0,1.315342,1.3622848,0.8341621,0.0,0.5794253,0.90029186,0.49817207,0.0,-0.19695129,0.3384495,-0.28069675,0.0,828.4249,801.8315,808.2784,693.8461,682.5641,0.0579833984375,-0.006103515625,1.0125732421875,-0.052337646484375,-2.579498291015625,-0.2691650390625,323150.1831501831,8.026695970695971E7,2.5055824175824177E7,79.17049,1,1.0,1.0,1.0,1.0,100.00
2026-07-23 23:47:51.221,0.23572093,1.6668901,1.1185039,0.0,0.81330127,1.2720912,1.0099217,0.0,1.2908204,1.3622848,0.8461778,0.0,0.47513688,0.90029186,0.3027232,0.0,-0.25220528,0.3384495,-0.31761587,0.0,834.0659,819.15753,799.41394,807.8755,775.64105,0.0531005859375,-0.00677490234375,1.0166015625,-0.11962890625,-1.375732421875,-0.40374755859375,320732.6007326007,8.027260073260073E7,2.5067912087912086E7,78.04571,1,1.0,1.0,1.0,1.0,100.00
2026-07-23 23:47:52.226,0.558146,1.6668901,0.92487484,0.0,0.77201,1.2720912,0.86460876,0.0,0.93261814,1.3622848,0.89482105,0.0,0.31985083,0.90029186,0.22492169,0.0,-0.22909138,0.3384495,-0.27859753,0.0,848.97437,839.707,811.50183,837.28937,766.77655,0.050048828125,0.00518798828125,1.01934814453125,-0.34393310546875,-4.015045166015625,0.082244873046875,323150.1831501831,8.040959706959707E7,2.509289377289377E7,77.47789,1,1.0,1.0,1.0,1.0,100.00
2026-07-23 23:47:53.238,0.5654933,1.6668901,1.0485414,0.0,0.97599167,1.2720912,0.6153336,0.0,0.9863516,1.3622848,0.7038237,0.0,0.3702577,0.90029186,0.19991863,0.0,-0.25941837,0.3384495,-0.2687649,0.0,821.5751,899.7436,787.72894,829.6337,732.52747,0.0616455078125,-0.01324462890625,1.01617431640625,0.590667724609375,-0.0,-1.457977294921875,323150.1831501831,8.032014652014652E7,2.5073553113553114E7,75.259415,1,1.0,1.0,1.0,1.0,100.00
2026-07-23 23:47:54.258,0.814459,1.6668901,1.1574022,0.0,1.0793825,1.2720912,0.6451794,0.0,1.3748931,1.3622848,0.795878,0.0,0.45211953,0.90029186,0.32016426,0.0,-0.09618431,0.3384495,-0.4953311,0.0,836.4835,846.9597,837.6923,652.3443,749.0476,0.0753173828125,0.0040283203125,1.01654052734375,0.052337646484375,-1.71966552734375,-0.478515625,322344.32234432234,8.027743589743589E7,2.506065934065934E7,74.328545,1,1.0,1.0,1.0,1.0,100.00
2026-07-23 23:47:55.264,0.6410411,1.6668901,1.0615406,0.0,1.1422918,1.2720912,0.621636,0.0,1.53264,1.3622848,0.7078948,0.0,0.4198494,0.90029186,0.5863095,0.0,-0.094736144,0.3384495,-0.3507735,0.0,650.7326,750.2564,808.68134,690.2198,574.9817,0.05322265625,0.00311279296875,1.01470947265625,-0.16448974609375,-1.016845703125,-0.2691650390625,322344.32234432234,8.046520146520147E7,2.5094505494505495E7,78.20173,1,1.0,1.0,1.0,1.0,100.00
2026-07-23 23:47:56.267,0.14046578,1.6668901,0.97760135,0.0,0.97145605,1.2720912,0.51854724,0.0,1.3062309,1.3622848,0.5481521,0.0,0.17373782,0.90029186,0.4109779,0.0,0.047312137,0.3384495,-0.022052454,0.0,782.49084,754.68866,823.1868,842.9304,864.2857,0.0487060546875,-0.00225830078125,1.01727294921875,-0.0,-2.026214599609375,-0.037384033203125,322344.32234432234,8.048776556776556E7,2.5074358974358972E7,80.60171,1,1.0,1.0,1.0,1.0,100.00
2026-07-23 23:47:57.278,0.7167815,1.6668901,1.0769125,0.0,1.4934392,1.2720912,0.39341965,0.0,1.7028941,1.3622848,0.7188928,0.0,0.6331038,0.90029186,0.29394606,0.0,-0.15539546,0.3384495,-0.12218932,0.0,793.7729,825.2015,817.5458,820.7692,757.50916,0.0518798828125,-0.002197265625,1.02239990234375,0.456085205078125,-1.83929443359375,-0.246734619140625,321538.4615384615,8.059575091575092E7,2.510014652014652E7,78.99912,1,1.0,1.0,1.0,1.0,100.00
2026-07-23 23:47:58.284,0.78577435,1.6668901,1.1126763,0.0,1.4687018,1.2720912,0.66078347,0.0,1.6742401,1.3622848,0.6153913,0.0,0.53274375,0.90029186,0.28084683,0.0,-0.050161026,0.3384495,-0.43339655,0.0,796.5934,815.5311,785.7143,739.3773,628.1685,0.0577392578125,-0.00933837890625,1.01995849609375,-0.76263427734375,-1.495361328125,-0.575714111328125,321538.4615384615,8.063362637362637E7,2.5097728937728938E7,77.81983,1,1.0,1.0,1.0,1.0,100.00
2026-07-23 23:47:59.296,0.7712255,1.6668901,0.9812646,0.0,1.1565821,1.2720912,0.7846141,0.0,1.5489883,1.3622848,0.2628787,0.0,0.3825113,0.90029186,0.18288378,0.0,0.017600538,0.3384495,-0.5244828,0.0,807.47253,784.5055,802.6374,712.7839,839.707,0.018798828125,-0.02203369140625,1.0179443359375,-0.456085205078125,0.1495361328125,0.07476806640625,323150.1831501831,8.044827838827838E7,2.5026007326007325E7,77.87746,1,1.0,1.0,1.0,1.0,100.00
2026-07-23 23:48:00.307,0.5226824,1.6668901,1.2411033,0.0,0.9720027,1.2720912,0.4927532,0.0,1.3567044,1.3622848,0.50675464,0.0,0.3029093,0.90029186,0.26626766,0.0,-0.03410418,0.3384495,-0.29812565,0.0,823.1868,838.49817,794.57874,891.28204,871.9414,0.0343017578125,-0.0108642578125,1.02056884765625,0.082244873046875,-2.459869384765625,-0.52337646484375,322344.32234432234,8.018637362637362E7,2.501150183150183E7,77.853004,1,1.0,1.0,1.0,1.0,100.00
2026-07-23 23:48:01.321,0.35586324,1.0298569,1.3838356,0.0,0.79736584,1.7717959,0.58577013,0.0,1.2936875,1.6146698,0.27555615,0.0,0.44150725,1.1329534,0.2012107,0.0,-0.22643292,0.5520398,-0.17077725,0.0,841.31866,793.7729,819.15753,770.40295,703.1135,0.03912353515625,-0.014892578125,1.0185546875,-0.19439697265625,-2.1234130859375,-0.112152099609375,323150.1831501831,8.011948717948718E7,2.5045347985347986E7,79.74318,1,1.0,1.0,1.0,1.0,100.00
2026-07-23 23:48:02.329,1.0767308,1.1567525,1.3364148,0.0,0.9121967,1.7302269,0.8430341,0.0,1.2491399,1.5971559,0.80669534,0.0,0.39078403,1.0081025,0.23180525,0.0,-0.16371432,0.5271324,-0.225349,0.0,808.68134,821.1722,819.9634,869.12085,792.5641,0.03643798828125,-0.01751708984375,1.018310546875,-0.13458251953125,-1.921539306640625,-0.2392578125,321538.4615384615,8.015897435897435E7,2.507919413919414E7,82.04125,1,1.0,1.0,1.0,1.0,100.00
2026-07-23 23:48:03.344,0.9774129,1.3770195,1.2100703,0.0,1.2620963,1.692597,0.93185943,0.0,1.5307341,1.517162,0.8813457,0.0,0.49228248,0.9510964,0.2722286,0.0,-0.018945858,0.35489345,-0.21267354,0.0,844.5421,813.1135,812.3077,775.64105,704.3223,0.041748046875,-0.0179443359375,1.0179443359375,0.082244873046875,-1.831817626953125,-0.34393310546875,323956.04395604396,8.023714285714285E7,2.5105787545787547E7,78.41361,1,1.0,1.0,1.0,1.0,100.00
2026-07-23 23:48:04.354,0.65794516,1.3770195,1.0633401,0.0,1.0185475,1.692597,0.8800756,0.0,1.5059029,1.517162,0.7955178,0.0,0.51018304,0.9510964,0.15076727,0.0,-0.02307691,0.35489345,-0.19658993,0.0,810.293,846.1539,802.6374,755.4945,693.0403,0.0250244140625,-0.02569580078125,1.0228271484375,0.530853271484375,-2.145843505859375,-0.396270751953125,322344.32234432234,8.015010989010988E7,2.5091282051282052E7,72.931046,1,1.0,1.0,1.0,1.0,100.00
2026-07-23 23:48:05.376,0.5486867,1.3770195,0.679174,0.0,0.46113193,1.692597,0.62991375,0.0,0.97721136,1.517162,0.8798139,0.0,0.35381925,0.9510964,0.23865671,0.0,-0.2418548,0.35489345,-0.24140593,0.0,820.7692,808.2784,821.1722,799.81683,976.7033,0.03363037109375,-0.0185546875,1.0201416015625,0.366363525390625,-2.100982666015625,-0.2691650390625,322344.32234432234,8.013238095238096E7,2.5076776556776557E7,70.943,1,1.0,1.0,1.0,1.0,100.00
2026-07-23 23:48:06.383,0.9079051,1.3770195,1.0038811,0.0,1.0000746,1.692597,0.6740946,0.0,0.9367038,1.517162,0.8960128,0.0,0.49964172,0.9510964,0.3697989,0.0,-0.12687637,0.35489345,-0.22913007,0.0,834.4689,813.91943,817.9487,881.6117,863.0769,0.0380859375,-0.02197265625,1.02130126953125,0.10467529296875,-2.415008544921875,-0.059814453125,323150.1831501831,8.015252747252747E7,2.509289377289377E7,73.36763,1,1.0,1.0,1.0,1.0,100.00
2026-07-23 23:48:07.392,1.2405418,1.3770195,1.2776517,0.0,0.9852413,1.692597,1.0826062,0.0,0.96008784,1.517162,0.88519233,0.0,0.5140318,0.9510964,0.32716206,0.0,-0.07000322,0.35489345,-0.19886354,0.0,836.08057,798.60803,825.2015,767.5824,846.1539,0.034423828125,-0.0242919921875,1.01904296875,-0.411224365234375,-1.54022216796875,-0.179443359375,323150.1831501831,8.007274725274725E7,2.5067912087912086E7,76.37123,1,1.0,1.0,1.0,1.0,100.00
2026-07-23 23:48:08.397,1.0787612,1.3770195,1.3136207,0.0,0.84182596,1.692597,0.49726868,0.0,1.1348773,1.517162,0.927691,0.0,0.35138005,0.9510964,0.070625454,0.0,-0.16880178,0.35489345,-0.28298798,0.0,857.03296,789.7436,800.6227,778.86444,649.12085,0.0369873046875,-0.0303955078125,1.01727294921875,0.85235595703125,-2.863616943359375,-0.2691650390625,322344.32234432234,8.00018315018315E7,2.5075164835164834E7,76.510376,1,1.0,1.0,1.0,1.0,100.00
2026-07-23 23:48:09.406,0.9803469,1.3770195,1.052533,0.0,0.70042974,1.692597,0.6838758,0.0,0.8691275,1.517162,1.1007851,0.0,0.4675942,0.9510964,0.061766934,0.0,-0.17322029,0.35489345,-0.37382597,0.0,811.9048,820.3663,805.05493,695.8608,1057.2894,0.05181884765625,-0.01885986328125,1.02044677734375,0.112152099609375,-2.041168212890625,-0.11962890625,322344.32234432234,8.002681318681319E7,2.507194139194139E7,75.094376,1,1.0,1.0,1.0,1.0,100.00
2026-07-23 23:48:10.408,0.75171256,1.3743777,0.96515304,0.0,0.5528688,1.162218,0.56223696,0.0,0.650174,1.1989113,0.44552138,0.0,0.5321506,0.8886761,0.15116307,0.0,-0.1679423,0.05822866,-0.3848911,0.0,836.08057,799.81683,803.44324,884.0293,942.8571,0.0504150390625,-0.02508544921875,1.01776123046875,0.11962890625,-2.46734619140625,-0.16448974609375,323150.1831501831,8.002358974358974E7,2.5085641025641024E7,74.31096,1,1.0,1.0,1.0,1.0,100.00
2026-07-23 23:48:11.437,0.88405085,1.3743777,0.9249177,0.0,1.1374213,1.162218,0.537998,0.0,1.0621743,1.1989113,0.7394219,0.0,0.2910185,0.8886761,0.10048357,0.0,-0.19605388,0.05822866,-0.102003224,0.0,829.2308,799.011,806.6667,738.97437,615.2747,0.0482177734375,-0.02374267578125,1.0186767578125,-0.530853271484375,-2.564544677734375,-1.173858642578125,323956.04395604396,7.98785347985348E7,2.5067106227106225E7,76.049545,1,1.0,1.0,1.0,1.0,100.00
2026-07-23 23:48:12.442,0.88322544,1.3743777,1.1311569,0.0,1.100657,1.162218,0.7684286,0.0,1.3244127,1.1989113,0.8940069,0.0,0.26358297,0.8886761,0.16950925,0.0,-0.16403341,0.05822866,-0.054687995,0.0,859.85345,811.50183,810.293,811.9048,956.55676,0.05810546875,-0.02703857421875,1.013916015625,-3.357086181640625,-9.25628662109375,-6.6693115234375,323150.1831501831,7.986080586080585E7,2.505904761904762E7,76.24578,1,1.0,1.0,1.0,1.0,100.00
2026-07-23 23:48:13.033,,,,,,,,,,,,,,,,,,,,,,,,,,,,,,,,,,,,,,,,,,/muse/elements/blink
2026-07-23 23:48:13.415,,,,,,,,,,,,,,,,,,,,,,,,,,,,,,,,,,,,,,,,,,/muse/elements/blink
2026-07-23 23:48:13.457,0.9293617,1.3743777,0.99004203,0.0,1.051538,1.162218,0.7686997,0.0,1.163089,1.1989113,0.855942,0.0,0.22271144,0.8886761,0.26551813,0.0,-0.12588888,0.05822866,-0.35924867,0.0,1625.4213,802.23444,809.4872,803.0403,717.2161,0.11279296875,-0.02191162109375,1.0120849609375,-1.368255615234375,-0.755157470703125,-3.282318115234375,323150.1831501831,7.983179487179486E7,2.505340659340659E7,76.02255,1,1.0,1.0,1.0,1.0,100.00
2026-07-23 23:48:13.958,,,,,,,,,,,,,,,,,,,,,,,,,,,,,,,,,,,,,,,,,,/muse/elements/blink
2026-07-23 23:48:14.465,0.9293617,1.3743777,1.1437186,0.0,1.051538,1.162218,0.94296753,0.0,1.163089,1.1989113,0.7506161,0.0,0.22271144,0.8886761,0.2747938,0.0,-0.12588888,0.05822866,-0.29181933,0.0,700.696,804.65204,805.8608,823.9927,692.23444,0.11187744140625,-0.0203857421875,1.0032958984375,1.86920166015625,-1.98883056640625,0.5682373046875,322344.32234432234,7.965369963369963E7,2.503245421245421E7,75.822235,1,4.0,1.0,1.0,1.0,100.00
2026-07-23 23:48:14.860,,,,,,,,,,,,,,,,,,,,,,,,,,,,,,,,,,,,,,,,,,/muse/elements/blink
2026-07-23 23:48:15.483,0.9293617,1.3743777,1.0458797,0.0,1.051538,1.162218,0.8384128,0.0,1.163089,1.1989113,0.6125616,0.0,0.22271144,0.8886761,0.4320106,0.0,-0.12588888,0.05822866,-0.30878168,0.0,599.9634,886.8498,784.5055,823.5897,793.36993,0.07550048828125,0.04058837890625,1.0194091796875,3.7982177734375,-2.071075439453125,1.854248046875,322344.32234432234,7.983904761904761E7,2.5035677655677654E7,79.45285,1,2.0,1.0,1.0,2.0,100.00
2026-07-23 23:48:15.872,,,,,,,,,,,,,,,,,,,,,,,,,,,,,,,,,,,,,,,,,,/muse/elements/blink
2026-07-23 23:48:16.494,0.9293617,1.3743777,1.2614231,0.0,1.051538,1.162218,0.96580243,0.0,1.163089,1.1989113,0.52640533,0.0,0.22271144,0.8886761,0.30162323,0.0,-0.12588888,0.05822866,-0.30880162,0.0,743.8095,793.7729,815.5311,774.43225,1122.1611,0.09234619140625,0.02044677734375,1.01318359375,-0.127105712890625,-2.011260986328125,-0.49346923828125,320732.6007326007,7.960937728937729E7,2.4988937728937726E7,81.84944,1,2.0,1.0,1.0,2.0,100.00
2026-07-23 23:48:17.507,0.9293617,1.3743777,0.95631474,0.0,1.051538,1.162218,0.49883083,0.0,1.163089,1.1989113,0.46948183,0.0,0.22271144,0.8886761,0.11766841,0.0,-0.12588888,0.05822866,-0.38028067,0.0,834.87177,749.0476,819.9634,892.0879,865.4945,0.0799560546875,0.01580810546875,1.01092529296875,-0.35888671875,-2.205657958984375,-0.34393310546875,321538.4615384615,7.962468864468864E7,2.5004249084249083E7,81.8259,1,2.0,1.0,1.0,2.0,100.00
2026-07-23 23:48:18.521,0.9293617,1.3743777,0.7486034,0.0,1.051538,1.162218,0.42880654,0.0,1.163089,1.1989113,0.94599456,0.0,0.22271144,0.8886761,0.14741525,0.0,-0.12588888,0.05822866,-0.26020825,0.0,762.3443,814.7253,806.6667,940.84247,795.38464,0.07989501953125,0.0067138671875,1.01513671875,-1.2860107421875,-2.07855224609375,-1.472930908203125,321538.4615384615,7.962307692307693E7,2.4996190476190474E7,81.82019,1,2.0,1.0,1.0,2.0,100.00
2026-07-23 23:48:19.536,0.9293617,1.4991676,0.72346365,0.0,1.051538,1.198938,0.5338331,0.0,1.163089,1.2428486,0.920753,0.0,0.22271144,0.98956364,0.18892258,0.0,-0.12588888,0.22412688,-0.21969949,0.0,822.381,825.6044,813.5165,821.978,879.59705,0.05926513671875,-0.029052734375,1.01690673828125,0.740203857421875,-1.54022216796875,0.366363525390625,321538.4615384615,7.964080586080585E7,2.4996190476190474E7,83.3143,1,2.0,1.0,1.0,2.0,100.00
2026-07-23 23:48:20.543,0.9293617,1.4991676,0.8711469,0.0,1.051538,1.198938,0.6824689,0.0,1.163089,1.2428486,0.6984178,0.0,0.22271144,0.98956364,0.08468118,0.0,-0.12588888,0.22412688,-0.13846996,0.0,815.9341,841.7216,810.696,866.30035,856.2271,0.070068359375,-0.01275634765625,1.0191650390625,1.009368896484375,-1.4056396484375,0.097198486328125,322344.32234432234,7.964080586080585E7,2.501150183150183E7,82.004196,1,2.0,1.0,1.0,2.0,100.00
2026-07-23 23:48:21.552,0.9293617,1.4991676,0.9086443,0.0,1.051538,1.198938,0.75220346,0.0,1.163089,1.2428486,0.7696164,0.0,0.22271144,0.98956364,0.11174212,0.0,-0.12588888,0.22412688,-0.2034298,0.0,797.8022,813.91943,807.8755,877.1795,708.7546,0.05987548828125,-0.012451171875,1.01654052734375,0.067291259765625,-2.086029052734375,-0.34393310546875,321538.4615384615,7.956827838827838E7,2.498249084249084E7,82.663284,1,2.0,1.0,1.0,2.0,100.00
2026-07-23 23:48:22.560,1.0933573,1.4991676,0.8991756,0.0,0.39812687,1.198938,0.4487323,0.0,0.86452276,1.2428486,0.59480375,0.0,0.56931263,0.98956364,0.3358259,0.0,0.100971,0.22412688,-0.26422545,0.0,819.15753,820.3663,802.23444,714.7985,1123.773,0.0445556640625,-0.02508544921875,1.00872802734375,-1.24114990234375,0.471038818359375,-0.635528564453125,322344.32234432234,7.961018315018314E7,2.5014725274725273E7,84.32772,1,1.0,1.0,1.0,1.0,100.00
2026-07-23 23:48:23.564,1.0630759,1.4991676,0.60586333,0.0,1.0568895,1.198938,0.3765206,0.0,0.9499815,1.2428486,0.66942906,0.0,0.44632283,0.98956364,0.30190778,0.0,0.012722043,0.22412688,-0.33451527,0.0,790.54944,865.89746,814.3223,809.4872,936.8132,0.0234375,-0.04150390625,1.01165771484375,1.06170654296875,-2.160797119140625,-0.097198486328125,322344.32234432234,7.955054945054945E7,2.499135531135531E7,83.39386,1,1.0,1.0,1.0,1.0,100.00
2026-07-23 23:48:24.567,1.4604926,1.4991676,0.8024842,0.0,1.37202,1.198938,0.50415355,0.0,0.950985,1.2428486,0.6609377,0.0,0.4124903,0.98956364,0.16505255,0.0,-0.08062296,0.22412688,-0.3529327,0.0,726.4835,822.7839,807.0696,714.3956,564.90845,0.041748046875,-0.01416015625,1.0194091796875,-0.35888671875,-1.607513427734375,0.13458251953125,322344.32234432234,7.94941391941392E7,2.4997802197802197E7,83.77,1,1.0,1.0,1.0,1.0,100.00
2026-07-23 23:48:25.574,1.5918285,1.2049171,0.7724123,0.0,1.3835932,1.1439364,0.4877461,0.0,0.897331,1.186134,0.7091349,0.0,0.47495887,1.0131375,0.026995623,0.0,0.045962065,0.40738142,-0.32147688,0.0,842.52747,830.84247,808.68134,831.6484,765.56775,0.0020751953125,-0.03533935546875,1.01934814453125,-0.949554443359375,-1.263580322265625,-0.874786376953125,323956.04395604396,7.958923076923077E7,2.4984102564102564E7,86.910355,1,1.0,1.0,1.0,1.0,100.00
2026-07-23 23:48:26.580,0.502628,1.2253174,0.68021977,0.0,0.667245,1.1995841,0.64928985,0.0,1.2173107,1.3297504,0.7119569,0.0,0.42483035,1.1232696,-0.0017501022,0.0,-0.20769373,0.40459487,-0.42412555,0.0,801.02563,779.2674,805.8608,824.7985,862.674,0.026123046875,-0.02752685546875,1.0169677734375,0.22430419921875,-2.265472412109375,0.13458251953125,322344.32234432234,7.949978021978022E7,2.4987326007326007E7,86.49103,1,1.0,1.0,1.0,1.0,100.00
2026-07-23 23:48:27.585,0.21225701,1.2329472,0.62853056,0.0,0.56205994,1.2445973,0.4864875,0.0,1.2391578,1.2937357,0.5069666,0.0,0.4144798,1.202756,-0.07015382,0.0,-0.2282479,0.38219693,-0.48897535,0.0,826.0073,809.89014,809.0842,785.7143,638.24176,0.0321044921875,-0.02398681640625,1.01483154296875,-0.1495361328125,-1.8841552734375,-0.0299072265625,322344.32234432234,7.953523809523809E7,2.4985714285714284E7,85.837326,1,1.0,1.0,1.0,1.0,100.00
2026-07-23 23:48:28.598,0.54530406,1.2329472,0.5265782,0.0,0.5706221,1.2445973,0.3705255,0.0,1.2317855,1.2937357,0.47700566,0.0,0.4948247,1.202756,0.016573476,0.0,-0.29292777,0.38219693,-0.28434443,0.0,833.2601,852.1978,807.8755,946.08057,887.6557,0.010986328125,-0.03765869140625,1.01702880859375,-0.2691650390625,0.1495361328125,-0.276641845703125,322344.32234432234,7.951509157509157E7,2.498813186813187E7,87.87917,1,1.0,1.0,1.0,1.0,100.00
2026-07-23 23:48:29.610,0.66197264,1.2329472,0.4368286,0.0,0.71549475,1.2445973,0.2859928,0.0,1.2257875,1.2937357,0.41993347,0.0,0.4746251,1.202756,0.11792838,0.0,-0.1304827,0.38219693,-0.30159152,0.0,808.68134,847.76556,815.5311,843.73627,784.90845,0.00958251953125,-0.03778076171875,1.01470947265625,0.55328369140625,-3.45428466796875,-0.814971923828125,323150.1831501831,7.96359706959707E7,2.50203663003663E7,86.22768,1,1.0,1.0,1.0,1.0,100.00
2026-07-23 23:48:30.481,,,,,,,,,,,,,,,,,,,,,,,,,,,,,,,,,,,,,,,,,,/muse/elements/blink
2026-07-23 23:48:30.612,0.6269181,1.2329472,0.65784997,0.0,0.81410015,1.2445973,0.48919696,0.0,1.1135352,1.2937357,0.51319146,0.0,0.32257617,1.202756,0.19770542,0.0,-0.2644416,0.38219693,-0.44899303,0.0,830.4396,795.78754,805.05493,870.32965,703.1135,0.02349853515625,-0.03240966796875,1.01220703125,0.336456298828125,-2.3028564453125,-0.2093505859375,320732.6007326007,7.954007326007326E7,2.4983296703296702E7,86.056,1,1.0,1.0,1.0,1.0,100.00
2026-07-23 23:48:31.615,0.47753236,1.2329472,0.8725788,0.0,1.0553102,1.2445973,0.6265329,0.0,1.3525192,1.2937357,0.52771896,0.0,0.40735507,1.202756,0.19453967,0.0,-0.14418067,0.38219693,-0.22230801,0.0,797.3993,842.52747,803.8461,861.8681,821.5751,0.02093505859375,-0.03485107421875,1.0164794921875,-0.142059326171875,-1.495361328125,-0.201873779296875,323150.1831501831,7.963677655677655E7,2.500908424908425E7,87.88763,1,1.0,1.0,1.0,1.0,100.00
2026-07-23 23:48:32.628,0.5155883,1.2329472,0.7946502,0.0,0.86674184,1.2445973,0.5871664,0.0,1.1662649,1.2937357,0.9399081,0.0,0.40352568,1.202756,0.26456383,0.0,0.0133698005,0.38219693,-0.09450496,0.0,803.8461,782.0879,817.1429,718.4249,817.9487,0.02142333984375,-0.03643798828125,1.01531982421875,0.441131591796875,-2.160797119140625,-0.04486083984375,323150.1831501831,7.954007326007326E7,2.499941391941392E7,87.63267,1,1.0,1.0,1.0,1.0,100.00
2026-07-23 23:48:33.635,0.31469306,1.2329472,0.8614767,0.0,1.0905156,1.2445973,0.8012038,0.0,1.3307768,1.2937357,0.9135824,0.0,0.3375795,1.202756,0.388272,0.0,-0.0984901,0.38219693,-0.22878376,0.0,837.28937,801.02563,826.0073,890.4762,764.35895,0.029296875,-0.03082275390625,1.01727294921875,0.097198486328125,-2.175750732421875,-0.366363525390625,322344.32234432234,7.952879120879121E7,2.502197802197802E7,84.958,1,1.0,1.0,1.0,1.0,100.00
2026-07-23 23:48:34.643,0.43232366,1.2329472,1.0127575,0.0,0.70979446,1.2445973,0.53863865,0.0,1.1148994,1.2937357,0.7652614,0.0,0.2570029,1.202756,0.3483917,0.0,-0.22057012,0.38219693,-0.19567025,0.0,804.65204,826.4103,803.0403,726.4835,964.61536,0.0333251953125,-0.03509521484375,1.0169677734375,0.022430419921875,-2.213134765625,-0.082244873046875,322344.32234432234,7.959326007326007E7,2.503809523809524E7,85.15568,1,1.0,1.0,1.0,1.0,100.00
2026-07-23 23:48:35.653,0.3260586,1.2329472,0.77142745,0.0,0.53269136,1.2445973,0.6541013,0.0,0.6308008,1.2937357,0.7542262,0.0,0.3578819,1.202756,0.3564921,0.0,-0.19006655,0.38219693,-0.45308423,0.0,840.10986,843.3333,805.4579,806.26373,729.707,0.01171875,-0.04962158203125,1.02154541015625,0.037384033203125,-1.353302001953125,-0.441131591796875,322344.32234432234,7.952637362637362E7,2.5026813186813187E7,84.61066,1,1.0,1.0,1.0,1.0,100.00
2026-07-23 23:48:36.660,0.28452492,1.2329472,0.8199772,0.0,0.40391526,1.2445973,0.61255914,0.0,0.7621321,1.2937357,0.44348153,0.0,0.3632341,1.202756,0.13613325,0.0,-0.21523716,0.38219693,-0.5262949,0.0,828.022,795.78754,804.2491,881.6117,762.3443,0.028076171875,-0.0440673828125,1.01849365234375,0.22430419921875,-2.55706787109375,-0.216827392578125,322344.32234432234,7.9547326007326E7,2.5042124542124543E7,82.433464,1,1.0,1.0,1.0,1.0,100.00
2026-07-23 23:48:37.667,0.59258634,1.2329472,0.9568949,0.0,0.4551292,1.2445973,0.79868525,0.0,0.77073956,1.2937357,0.7466643,0.0,0.3375847,1.202756,0.20628105,0.0,-0.1795305,0.38219693,-0.4093666,0.0,803.8461,739.7802,795.38464,980.7326,974.68866,0.0302734375,-0.04156494140625,1.02227783203125,0.082244873046875,-1.5850830078125,-0.01495361328125,322344.32234432234,7.954893772893773E7,2.5044542124542125E7,81.6707,1,1.0,1.0,1.0,1.0,100.00
2026-07-23 23:48:38.670,0.9521946,1.2329472,1.1651545,0.0,0.30961898,1.2445973,0.66007864,0.0,0.7983024,1.2937357,0.4800858,0.0,0.25681955,1.202756,0.34248143,0.0,-0.058818027,0.38219693,-0.3785193,0.0,809.0842,839.707,805.05493,792.96704,726.08057,0.03179931640625,-0.03851318359375,1.01318359375,0.515899658203125,-1.592559814453125,-0.13458251953125,321538.4615384615,7.944820512820512E7,2.504857142857143E7,83.216606,1,1.0,1.0,1.0,1.0,100.00
2026-07-23 23:48:39.676,0.09596563,1.2329472,1.2217406,0.0,0.45223925,1.2445973,0.57017916,0.0,0.97123706,1.2937357,0.3730709,0.0,0.2894782,1.202756,0.2462836,0.0,-0.14864212,0.38219693,-0.48531353,0.0,840.9158,791.3553,804.2491,844.1392,749.0476,0.01422119140625,-0.0504150390625,1.01873779296875,0.40374755859375,-3.21502685546875,-0.216827392578125,322344.32234432234,7.952717948717949E7,2.5074358974358972E7,81.9566,1,1.0,1.0,1.0,1.0,100.00
2026-07-23 23:48:40.680,0.1712735,1.2329472,1.0012842,0.0,0.45515475,1.2445973,0.5398578,0.0,0.97865224,1.2937357,0.6180471,0.0,0.35057914,1.202756,0.36950314,0.0,-0.09714367,0.38219693,-0.2912416,0.0,801.02563,798.20514,811.9048,738.97437,746.63007,0.02197265625,-0.04412841796875,1.01751708984375,0.0897216796875,-2.115936279296875,-0.261688232421875,323150.1831501831,7.942161172161172E7,2.5045347985347986E7,80.36042,1,1.0,1.0,1.0,1.0,100.00
2026-07-23 23:48:41.693,0.17183891,1.2329472,1.2781023,0.0,0.7154607,1.2445973,0.7178342,0.0,1.5538621,1.2937357,0.6813901,0.0,0.32803825,1.202756,0.31297892,0.0,-0.19005056,0.38219693,-0.33578923,0.0,849.3773,819.5604,790.54944,839.707,1052.8572,0.03167724609375,-0.0455322265625,1.0142822265625,0.620574951171875,-2.19818115234375,0.201873779296875,323956.04395604396,7.940630036630036E7,2.5074358974358972E7,80.76034,1,1.0,1.0,1.0,1.0,100.00
2026-07-23 23:48:42.706,1.1104774,1.2329472,1.2405162,0.0,0.88619316,1.2445973,0.7238991,0.0,1.5618644,1.2937357,0.4828477,0.0,0.37880826,1.202756,0.109285206,0.0,-0.16692951,0.38219693,-0.26379892,0.0,817.1429,783.69965,822.7839,757.9121,678.93774,0.03314208984375,-0.0352783203125,1.017822265625,0.441131591796875,-2.220611572265625,0.471038818359375,322344.32234432234,7.94385347985348E7,2.510095238095238E7,81.64294,1,1.0,1.0,1.0,1.0,100.00
2026-07-23 23:48:43.712,1.5160493,1.2329472,1.2295545,0.0,0.9723872,1.2445973,0.54155517,0.0,1.3195926,1.2937357,0.50499046,0.0,0.5392071,1.202756,0.16484937,0.0,0.008538291,0.38219693,-0.33990395,0.0,818.3516,899.7436,828.8278,794.9817,716.8132,0.0435791015625,-0.03424072265625,1.0213623046875,0.37384033203125,-1.323394775390625,1.128997802734375,322344.32234432234,7.947721611721611E7,2.508805860805861E7,79.31938,1,1.0,1.0,1.0,1.0,100.00
2026-07-23 23:48:44.715,1.5160493,1.2329472,1.2773223,0.0,0.9723872,1.2445973,0.7818296,0.0,1.3195926,1.2937357,0.640289,0.0,0.5392071,1.202756,0.25582272,0.0,0.008538291,0.38219693,-0.44532084,0.0,825.6044,834.0659,799.81683,752.27106,763.5531,0.05987548828125,-0.0506591796875,1.01251220703125,1.55517578125,-4.23187255859375,1.831817626953125,321538.4615384615,7.943128205128205E7,2.508E7,77.367676,1,1.0,1.0,1.0,1.0,100.00
2026-07-23 23:48:45.121,,,,,,,,,,,,,,,,,,,,,,,,,,,,,,,,,,,,,,,,,,/muse/elements/blink
2026-07-23 23:48:45.725,1.119531,1.2329472,1.1448227,0.0,1.042485,1.2445973,0.8444277,0.0,0.8324637,1.2937357,0.7349399,0.0,0.3950333,1.202756,0.332112,0.0,-0.09992898,0.38219693,-0.14321816,0.0,795.38464,811.50183,776.04395,796.1905,720.4396,0.07110595703125,-0.0277099609375,1.0086669921875,-0.336456298828125,-2.130889892578125,0.95703125,320732.6007326007,7.921128205128205E7,2.5064688644688644E7,77.132095,1,1.0,1.0,1.0,1.0,100.00
2026-07-23 23:48:46.730,0.68518555,1.2329472,1.2556188,0.0,0.85655016,1.2445973,0.87007225,0.0,0.7630732,1.2937357,0.865161,0.0,0.42424303,1.202756,0.35073775,0.0,-0.1421994,0.38219693,-0.13528545,0.0,799.81683,832.0513,792.5641,877.98535,719.2308,0.0804443359375,-0.0374755859375,0.99835205078125,0.059814453125,3.170166015625,1.79443359375,322344.32234432234,7.906139194139194E7,2.504051282051282E7,83.098274,1,1.0,1.0,1.0,1.0,100.00
2026-07-23 23:48:47.734,1.2613771,1.2329472,1.0239128,0.0,1.1985415,1.2445973,0.6635758,0.0,0.7893655,1.2937357,0.9453198,0.0,0.40867972,1.202756,0.36559793,0.0,-0.16171925,0.38219693,-0.1845135,0.0,823.5897,760.32965,793.36993,801.8315,821.1722,0.03564453125,-0.05706787109375,1.05914306640625,-3.12530517578125,-0.3289794921875,-0.680389404296875,323150.1831501831,7.910087912087911E7,2.505904761904762E7,86.61569,1,1.0,1.0,1.0,1.0,100.00
2026-07-23 23:48:48.685,,,,,,,,,,,,,,,,,,,,,,,,,,,,,,,,,,,,,,,,,,/muse/elements/blink
2026-07-23 23:48:48.742,1.5207549,1.3946776,0.773516,0.0,1.3093797,1.1932245,0.59401083,0.0,0.6033043,1.2747841,0.8394792,0.0,0.4905933,1.0753536,0.3775049,0.0,-0.13024278,0.110971935,-0.31647456,0.0,749.45056,835.2747,782.0879,736.1539,718.022,0.03497314453125,0.008056640625,1.0391845703125,-0.859832763671875,-5.046844482421875,-0.7177734375,324761.90476190473,7.917501831501831E7,2.5078388278388277E7,88.61932,1,1.0,1.0,1.0,1.0,100.00
2026-07-23 23:48:49.516,,,,,,,,,,,,,,,,,,,,,,,,,,,,,,,,,,,,,,,,,,/muse/elements/blink
2026-07-23 23:48:49.715,,,,,,,,,,,,,,,,,,,,,,,,,,,,,,,,,,,,,,,,,,/muse/elements/blink
2026-07-23 23:48:49.752,1.5207549,1.3946776,0.5493063,0.0,1.3093797,1.1932245,0.5555163,0.0,0.6033043,1.2747841,0.7444039,0.0,0.4905933,1.0753536,0.28698668,0.0,-0.13024278,0.110971935,-0.09892437,0.0,833.663,868.71796,786.1172,895.7143,775.64105,0.0350341796875,0.06683349609375,1.0479736328125,6.332855224609375,13.20404052734375,3.529052734375,323150.1831501831,7.906542124542125E7,2.505985347985348E7,88.20678,1,1.0,1.0,1.0,1.0,100.00
2026-07-23 23:48:50.736,,,,,,,,,,,,,,,,,,,,,,,,,,,,,,,,,,,,,,,,,,/muse/elements/blink
2026-07-23 23:48:50.765,1.5207549,1.3946776,1.1006718,0.0,1.3093797,1.1932245,0.9070516,0.0,0.6033043,1.2747841,0.89598984,0.0,0.4905933,1.0753536,0.3642638,0.0,-0.13024278,0.110971935,-0.124022625,0.0,802.6374,824.7985,777.6557,752.27106,778.86444,-0.01251220703125,0.0479736328125,1.01953125,4.613189697265625,-12.57598876953125,-1.06170654296875,323956.04395604396,7.9292673992674E7,2.509289377289377E7,89.85484,1,2.0,1.0,1.0,2.0,100.00
2026-07-23 23:48:51.774,1.5207549,1.3946776,1.3496872,0.0,1.3093797,1.1932245,1.1093318,0.0,0.6033043,1.2747841,0.85522133,0.0,0.4905933,1.0753536,0.43671563,0.0,-0.13024278,0.110971935,-0.3015424,0.0,808.68134,801.02563,813.5165,768.3883,788.1319,0.04437255859375,0.02783203125,1.01629638671875,-1.128997802734375,-0.067291259765625,0.082244873046875,323150.1831501831,7.926043956043956E7,2.50985347985348E7,93.61453,1,2.0,1.0,1.0,2.0,100.00
2026-07-23 23:48:52.778,1.4588263,1.3946776,1.2025046,0.0,1.2204291,1.1932245,0.8438386,0.0,1.0183548,1.2747841,0.7799212,0.0,0.41595045,1.0753536,0.29353794,0.0,-0.2905257,0.110971935,-0.2813234,0.0,817.9487,817.5458,775.2381,886.04395,750.65936,0.06842041015625,0.0196533203125,1.01336669921875,-0.16448974609375,-3.805694580078125,-0.680389404296875,322344.32234432234,7.92781684981685E7,2.510901098901099E7,94.2557,1,1.0,1.0,1.0,1.0,100.00
2026-07-23 23:48:53.785,1.2148864,1.3946776,1.1936951,0.0,1.0666628,1.1932245,0.70221895,0.0,1.0124693,1.2747841,0.726816,0.0,0.4749119,1.0753536,0.21196343,0.0,-0.0827064,0.110971935,-0.22617555,0.0,834.0659,820.3663,820.3663,830.4396,735.34796,0.0572509765625,0.01434326171875,1.01556396484375,0.037384033203125,-2.22808837890625,-0.471038818359375,323150.1831501831,7.943208791208792E7,2.5144468864468865E7,96.17437,1,1.0,1.0,1.0,1.0,100.00
